2242813;JIOFCGRL
2046585;UOXYMZEGXUHFZ
2761728;GUAQDBGRVK
2020504;FDQACJB
2058057;FWHFIVTI
2367823;PJQGD
16267103;HCDWSATPLRC
1844652;RVAWV
2020676;ACBWYQA
2056581;RQLEIMWX
2085186;JPAHF
2281448;NDMZIF
2756763;HHOCAPLNLGSAUL
7813880;CQOKVCDZ
58317375;KKCVNR
1032812;ISANJD
1883030;ZTSMXK
2240644;SKBIUPC
2262130;JXPROBBILYSHX
2282542;JVYSR
2705080;ODVUM
3248242;GWQTWMJPYDIQKG
15063071;HALUOQKVBILLK
26371086;OIIVGLL
83883754;QVXGUMSI
1016503;JKOUMCLI
1148373;TJNYWZQSLMO
1861873;GHTWLGGUTVLTVU
2017474;UOYQWBVWT
2238335;GWJRSWBQKUSIS
2271324;KMFJNGBPZAGPB
2331632;DZYKO
2542716;VQRAQAUYSCDNRV
2741308;VAJZVKSTPU
3184428;RBCYPUYCOT
6555208;XARAJZNZQ
10843446;VBWVHJCJLGF
15302882;SRFGGCOXYZLHU
17186441;ORFRCJNUUME
32540515;LNVDFVDX
65757057;PNPQEJUSX
88130738;SPFNQGAFOWBJF
1003183;FNBAPLPRZUH
1040808;QFCJPIGKZ
1681347;PQRVKZYABLWOS
1865665;OWMYZEKQVYJFW
2015858;AMTKSPWWECL
2086751;HMAEJF
2266317;QBTYNENFMLVA
2306854;OIGHT
2342130;JFFKQSYQW
2443554;BMDOU
2568426;IWPOK
2825377;GRXHVDVLKOXNXG
3210444;TRHZXPJIDWWSWA
3405438;CIHVSQTBQIWIOM
7186434;KKGQB
8720606;WFDFX
11604725;XUNJOFXZIVRNL
15130507;CHVGHGLP
16154321;VJDZT
16624375;HJBTLWLOVQE
25477813;KJZYRBBKNJQ
30036883;TZNIMQWJV
55134386;FEIVZERHBZ
63215613;RRGKPIN
82824760;IHCOAUKEYQ
85077231;JWAAFURRC
88218277;HHIZM
1113186;UDKHZXQYFTWCE
1418501;DCZJUZCYFTCMSJ
1751647;MRXCIOIKT
1872818;BNIAPOP
2011322;EBIXQ
2170338;UDWYYRC
2337340;RVPDIXOLFZF
2348612;YLCBAC
2404150;VJUUTRLJQFNPZ
2527263;BLXWCZPPMSIIKP
2552371;NMNKLDDQNM
2572746;DXHWYAWHXOCHRP
2767418;KNYCYLOG
2863004;VAJHQE
3206530;UVXECVRWPBFPJ
3231705;XWVYKHX
3342005;QZHNNVGWHHSY
5842246;WJEMWUVMUNT
6787714;NHKGO
7500164;RZLLS
8028111;QRPQKFLHKQX
10771141;UUIOK
11114203;LUXMWCPZNMDJD
12331060;SYZAGHSOS
15211771;KOOPJGENDBUBNW
15720543;LVYAKGCVEMFJC
16180471;FIFJZLQ
16283763;WMUCXLEAQS
16687335;NAMJUGG
24568555;NKARWNJDHNHDXV
25862845;IUDYN
27061270;NHSEIWE
30776648;YJGSSPIWYVWDR
37064565;OHKNVBHUOXSDC
56257470;FXLGSWCP
61188047;PEPIWHVAPL
64316831;OMKJRMBAGHSLMN
82653575;TYPTATVNLFESX
83407215;CYBEI
84752567;TOLSSOX
86577077;JTDOKYVG
88173434;HDUOZFRPLZ
88234371;AXIYZQOGVA
1050240;FFNQCD
1131250;QVNGJIKYVKVKCG
1317058;WCRHAWFCHEA
1434324;RETIHK
1731120;WTDCABOWS
1763115;MMKKLO
2011802;EHPGD
2163746;DDGCQHPA
2235445;EMSSPSHACUKXJZ
2336802;ECBJGHNPILUUW
2384167;IDTWSY
2438628;HFYYMTYBSAB
2450006;TGGJLRICDPHS
2535271;ZUDZYUBOWW
2685463;ACOIZHBFYJTFTZ
2771244;SWJZBKDSNOU
2834326;AAKBDMBJO
3071411;YMAUPQSB
3188143;YZCGKDYV
3225481;GCNEA
3265071;SDNCMZNBYJFO
3370870;XPGDIS
3714650;TEOEDZTVVUF
6334185;NBMJVPKBOSFWQ
6558883;ZVKSSTUSZ
7124537;XZSLZ
7383314;AAHPWBEXIGYDGO
7765268;NKPJEMPZ
7850600;DGNJMSSYLVFQA
8270047;TGEJDSF
8811842;JNEONVTA
10888222;AIRBTZPVVGB
11202470;CCVAKCKLDY
11618243;OVLDQCRKUDON
14001438;GDJSJVR
15180317;WVVEXMYQ
15328364;LCCFNWQ
15850046;AAGVIPULH
16161382;TPUYYDQDM
16561867;LPWDDMOOPNLYL
17034161;AUQTC
24553007;LLRTUOJZDHV
25040388;CSWQNE
25631617;FHMLKNTWDZFIMD
26177540;WBCQQBZWBFDT
26578587;NQLXJDUZOK
27227545;EHTBQBRZE
30222413;IAYFBPFVXAKE
32302061;JTNYUGDAZTA
36874531;OYUBBCLFWNF
37582003;NWUKE
55802113;MLLEHLOVO
57465057;SGVYJZUXZ
60571174;GOGQYGOB
61878424;SMQIL
64137725;YIRHILW
65650860;HQNXJXHWPY
80511307;KDWHISQKMSRBMU
82743131;AJBVV
83182861;CXRKFCHAKBLA
83575800;NTFRDJKVKZZBK
84556222;YTCSNREN
84754821;NYLLDBJVHTX
86483674;FMFDDGO
87701658;QETBJXTRREP
88248258;FULYFS
1057344;DFICG
1165260;XLRMWADRVMD
1334030;JJRFCIXBGQGDNP
1543846;DZUHIEDLK
1706562;DFDVNFC
1737807;GKIZVYDFVULPPZ
1753255;ORZGHQKXSYWPT
1770236;HOCMBOQYJRKMBW
2123612;ZPMNNEUHFAYE
2230114;KBLHFPOBL
2383320;ELESTWWGS
2384227;CTNOFLCOPLRX
2404223;AAPGGCOIIVVEQ
2474866;HYPNP
2533474;CWALQEDMTLPQ
2645621;ZQKYTUZFUMXJIW
2782642;MANHZLM
2834066;RLLEOULF
2855601;WBSLQPZQVNJLOY
3008220;EPCQA
3137883;MLEULHUXNBFPJJ
3204530;CYQBDXELRMCCZR
3258564;KVICWQXBFJDZJ
3324875;MQOOGXQJFBOMM
3368608;MEKOH
3513312;PWXAVTOEELZX
4260470;KVZPKLHJBRFXS
6131363;VILCIFFCFSL
6548223;GONVYU
6556743;KWWYY
6621688;QQNORRNPERH
7111350;WNBIKZFDSSW
7131233;EUIRKES
7234355;MXZLSKVT
7458643;FXAPNPAAJGHNCM
7516783;YXKNKHXP
7770327;RCJET
7847227;CIFZZFKMGIARLR
7862668;QOFIFIELZC
8170387;FDAVZVAHWHFQUX
8455245;HEEZFQW
8782807;VPTWDHACQSTFD
8874338;WFFLWSZJFMQT
10875784;JEJJZXB
11112030;LNCUESSNUEKLT
11531186;ZSGGJ
11716376;EZTNVDAWNMGWJ
13578340;UNNRML
14718358;NUVJF
15644682;QHTCU
15722123;PYVMGHZSIPXJUH
16075666;NAIHIHLRX
16162660;WGNWGAOEDU
16353768;ASOWFVRTQHBDW
16845075;UJRREP
23345277;PBSZRJORCEMN
24870678;GNZWILXMWP
25463226;PLMXKFXE
25551357;EKOKMI
25674882;IOJCJMYB
25866453;MXOSOVVSINXF
26336658;AWYBRC
26444553;QTHHOCI
27043511;OWJEFNDAVC
27110425;HYGSNODAHJGPKY
27752602;YETIYTMVD
30067654;XUIUMQ
30418724;IUHTJPBDEEG
31147374;FULIM
32406605;ZJDOIKZ
35331775;PCTEFUWEIE
37185773;KROJFSIUC
38281434;TVIPGIYRPUV
55302201;MRAKLHLWPT
55865057;QTBSYAAU
57063562;ZHKGSWCNUCHT
58054646;IHONGSQB
58744610;DROHE
61077001;ZTWBQJKZNCZFJ
61428524;CNXQORGCGZPWJV
62048662;EMXTJI
63841872;YHAVOUB
64158233;BSKEBLLL
65021427;DHJPFXLXGWSKL
71708701;BHFKAXZK
81335885;ALXKIVOK
82702318;HCQZDMVORWM
83206116;YFOYDBZA
83536541;HRBQMR
83753445;QNNLAICVA
84243548;NEIQYOHF
84677454;TAZLNMTQUYQ
85285141;KCAVMVKNME
86535181;DUGHXAMPQKB
87285285;UEJDUVBUUDOZ
88032355;IQEZQWGLQL
88305613;PJMUBD
1068888;REUIIF
1155528;JJGBSUCLH
1170005;SBALXHAAW
1324381;EGQNAHXA
1386272;QBCGJD
1446247;MNHLIEQVJBKFJQ
1610315;UBGKWON
1731451;MFEUDHGPOQGV
1830551;KGUFQK
2110438;AAFNPGWFLVADYC
2133572;XNOPHJ
2205217;AQSXTE
2425048;RCEGQDUYRNWDFF
2466266;NHOZAB
2524233;YLFXFES
2532218;MHMBWD
2576205;WLDGNUUVNZZNY
2662347;HSWZDNUFBXKCML
2774665;DXWNOBL
2802186;TAYQLWNIFDAA
2840185;HWTPVA
2883710;SRGWNEALX
3065262;MOQIBFEL
3076221;USPLGTUWLQ
3141887;VWQLNQJTSEEFIH
3286512;DSUJIPWKQWO
3336113;AWOBZU
3360424;HZWQOBIX
3406137;NKCTUKCETAL
3700832;XLVGMYHDK
3726377;MCJGU
5473221;TAJEBN
6114700;PDUKRBAN
6325180;OTZLMH
6540625;MVLIPXHJP
6552548;YOQRJZIX
6587551;JGAEGGARJVBR
6714054;AYXIL
6833672;SLNNJVIEMQQ
7121645;JLNGDJVQBMVGE
7125065;ZHPGEFCKK
7166020;TFOLNJFJAB
7222370;GLWJWO
7250857;EVLYROWLF
7425885;DOMIT
7463257;KXYYFXAD
7507376;SZCIWVTEXN
7523772;DVLESAAQTIWTV
7765810;QFAMS
7805658;LNKRRQPON
7820181;MXZHEWBMKN
7887010;KWMXZBCCSCVPVS
8156204;OSJVXFP
8177411;FAXAPCQUBKLTQ
8443363;KGHZZCRDST
8465707;OWDIZHGTALTWJ
8753605;RQEMBHRHIISMEA
8803861;JSINDMS
8823655;XERFV
10700101;JEMOE
11102356;SAAHCGHVO
11266835;SBKVAICNWDZXPD
12327784;MRVNQZ
13113158;ADXPNHPYMCA
13802108;OKGUZTSDXYXOVA
14428721;LWJYDKCGYJREO
15482704;MJNPURRIRDBG
15702620;WOCZXDHUH
15752842;YZEBWDXNDLPBGB
16332221;DMSHOD
16780120;AOVWRJWPNQV
20735888;FDYUBMZFMDUF
24477342;YOXYL
24802664;VIMVKY
24871307;HECBVOYATWVYQN
25108217;WJDXADWYKR
25464617;JSRVSXWOIK
25532318;SYDXCPECQGZCKQ
26061844;ANEZSBPIMUSHEQ
26204080;GAVHR
26537563;ENCPPQPXJX
26612647;PCMNCL
27353833;BVBOUVSQFRUIO
28751432;ZBJFIFCVTA
30078222;ERORI
30285031;SEPUTYX
30757602;CJMYLXYUYWV
31060843;CHWFVKDB
32000887;YBGIUB
32501185;EBQOGYBZJCG
33562203;GFJOZGFKI
36607208;PRKKFTHHKIEXDW
37366723;JYFZAFDBBF
38172173;OSQJH
54152177;EYNZZJDVFX
55177245;HCBRUYXLB
55447000;MYJYYOSNMTIVDQ
56444817;OWDATMOLNAEH
57274371;WHWTFSECETKE
57726666;ISIZTD
58111845;LJQSBUOTO
58475567;KXVHS
60051301;TYHVYSFBV
60741732;YBJCXJUHGICZIZ
61133620;IGLXWK
61204116;ALXJWVJDEPXEU
61681724;WYRJZDVA
62017671;ZCTNMGJDZDXG
62805865;DAXGKWHDKXZIGX
63568328;MRKMJIARZNXCW
64243466;GCIPMUJD
64622084;DBYQIAVI
65300504;ROUMSW
70675783;MHHWZKAPKNN
77628162;GQVUUY
80777263;GONMSGKE
81673041;QQISZYWPTM
83307453;MLIQTC
83730007;LHPWVU
84630716;BWWLCQXTVSWK
85111147;MNRMR
85457680;RLUVX
87144235;GACAZ
87527886;MTBRBRMYLCKFY
88627563;TYMEGHUKFGFF
1057601;AVGBSZDLSUFO
1085577;WMDAPZLCBTVSGV
1158813;YRUKMPLSTTKXNL
1166081;OGPVODFLKQUA
1247611;TEZOHDBS
1327833;JZJZFYTWJZI
1354157;UZVXFSHFQ
1532887;DVOSPPBOBC
1571253;TTYDUKU
1645281;CTVZDPJCWDU
1808460;JTVTZQIH
2138282;OAXOYJQATJH
2187336;NGYTFZWHIQ
2607314;CLQOUXBOVJ
2673561;ZDICO
2783316;HBWJRPBXTFXRER
2851771;ZDNCZS
2863558;MHGFAPNC
3034851;BBINZNBPNIBY
3068816;VGTHHYFT
3083834;DQWIHVAGKCHUG
3151585;APEWQTL
3265753;JMBVQLLJCPMVWZ
3310261;JDCPRLZFZNL
3327361;IUPNQGRWXSCS
3341715;PQRYDUNDG
3483302;ACTEN
3700637;FAMCS
3703585;NOSVDJVFDDP
3723887;YISWPMAUW
3883826;PYRLCV
4834167;BHRMWPJZXRBA
5587185;YGEKZPWTNN
6104734;CUONLQZM
6116362;DWUXDD
6174234;DLMHESVUB
6420407;ZMGJA
6544638;PNPJTXRZOWM
6551437;FCYRKW
6584671;DGYJSPRCETSIWH
6607338;JKEACPPIDC
6622652;NEKFTXRBVG
6778755;APLLVIHIM
6813475;MELDRW
7035638;BBBJWARB
7114527;VEREMLMBJXL
7155382;NHFWJTUUGQMUVX
7183448;YXAJG
7211573;SESHARZYODOEMT
7248822;XESCIXTL
7265207;IOCETXSRBSKSL
7387785;DBRHP
7450761;ABJWBDXQY
7482752;DJMMJTR
7522046;VNRMLTBPMOMX
7576511;FPYYHKWZF
7765728;TSIEZFYASSZWXX
7783817;HXEAWQMCNTK
7842472;DUBWGZIWSSBE
7873736;FORZA
8020543;HTLUE
8068764;XXTVQL
8256635;ZNGRSNZIQC
8336373;WJPGPYFWVJ
8453421;DZXORRQ
8457338;KXBXCNQ
8581466;YGTDUVIHHK
8752302;SHVKOSSDCBU
8764756;HZKWDAYV
8787800;DDHRUNPECWL
8832224;KTFWHHMVPMGSM
10686542;HJJJZIIL
10723085;NNWFCAKM
11304584;RYRPRKOSZLC
11733381;RJDNJXOCYSJJP
12837364;TZOJPVSSJLZRQ
13323736;LVOSRTKEZXES
13748606;TZMRZSGEKT
13813471;YOVUMTD
14287506;TDWAQUROZWIWQV
14713414;VDKOZEYQ
15641357;SENUHLRA
15830234;COCPOJFISTGO
16823740;NLWTZJRQUTNIRG
18503747;KSPKUVTILKUAKQ
22530005;JWHPETUAHKHMWU
24427472;QUUKIHHL
24573431;RLFHOGH
24827512;CBXXCTWPV
25457252;GVDWSYIYMN
26261655;JAZICRQLXUWXVP
27671434;EOGANAHH
28582550;JXDYYHZH
30001100;JQIWW
30215412;OXDJQ
30642563;RRFQLWG
30758128;CIQRHSYSO
30784151;IGDQTPYOZAUX
31884822;IMOBJR
32105870;RMXIT
32424088;BGTYODJOYU
33247572;DQLJPRS
35285462;INHPAVVQKPA
35458234;HPZZVBQFTG
36832276;IRERUHQHO
37417702;JOIOXF
37760538;WYFJWPIZX
38223383;DLTNHWGMFCM
42124763;UCCHRLKCHEKE
54531202;OQVMDUKOHVLBH
55248180;DYGRQ
55446123;FPPADIMTOH
55683484;NCVMT
56317665;GWMUEQZTTCPEU
56622152;MDBVGXSOCZI
57064418;GUYWSFT
57384654;JLHBPFBEJKKZ
57684518;UPTMHHASGEV
57851476;WBZGBPXZEH
58111351;XITXL
58148748;ADIETWCUDUNHS
58414546;GOUNOCG
58577281;CUWROCZGRY
60031451;KEZHEONGMWAMF
60251084;SJBKERQNKXC
60664668;MCYLIRHYWGFQH
61065220;OZFGDTGYOTFLQN
61366821;NMFXVC
61765881;YWONGBJVNEKW
62083756;ZJNVIJK
62874742;DZIPD
63748014;APRSQLFBISIAOS
64611516;EPPTGABFM
64864725;XKRFB
65377301;TWGKHRDLHASNRN
66354122;RWPHCITCGQXM
71330324;KJHPYY
75806236;ZKFFNFXTBO
80403347;CFKOZRWLIPMUWC
80525256;IFBYBYN
80866312;SIYMQ
81345718;KKDVYIL
82483788;HPLIDIXXLPEG
83221761;BOMBYQBKLAMNR
83407142;GAKLHUSBUL
85345060;YMLXGZS
86232820;QZMUEDWYETLH
87020522;TAYRKQFOSNJPA
87643817;CMSDQIP
88743858;KMSPH
1168843;HSSFD
1204551;NFLHGQUHGOU
1300346;IYXIKUEHVJ
1326137;DZZACXAEWSX
1351767;GPVTKQ
1386063;FZJZI
1524616;YAFNSN
1545606;ZBWJZ
1580102;IKGOB
1637337;FEITJY
1677858;LSKQJGVP
1784073;VULCRFNPCF
1825446;RUHSMWZWZ
2182578;HFATNLGJHQC
2674800;XXTITNZDKQHDD
2840418;NDLPCTHOJPQVTE
2868744;OCCPDSXDFCTJX
3011447;JXXJLKLDIOY
3038665;ATCDVVBUTX
3067834;MULARXM
3134744;RSBANDUCLRHRS
3306176;XXOKOEXHUS
3316738;QIKXOPV
3423383;XCEWDGAP
3487381;USRJS
3616522;NBGINCF
3853520;XQAJTPB
4171832;LRMFPORFRIT
4463638;SGBHWEVZMTDXBO
5183227;PQLNS
5566641;ZJUUWCATGPLGJF
5641101;CQIKFEYKP
6084032;QUFZPJWGWEEPGX
6105345;GZTXIJ
6127137;GXYCSIUJNDKED
6142271;VYIIW
6314878;LNQCCCSXCVKI
6350060;QEPHLXUGSQ
6431315;JZTWZYZHPRWOWZ
6616067;MKOUGJWSGAZHSE
6702004;XYBYJXKGCOI
6773217;WFXZZLSQLRFN
6787788;XNDXVZTQFPJQS
6831850;MTGXBI
6852011;YYDTUTYC
7075267;GGQGSLEQQ
7132835;OUDCPWJWM
7161561;PJLUJOFUIWXAGQ
7188804;TBTYTRKXLFWQ
7217044;MDUOZOXBAXXTOQ
7238843;FNIVNLAF
7258533;RPABMELJYBKNIU
7312074;WEGOXV
7385863;VIHZXRPGDP
7420238;CJAHPNDMIXZ
7456513;LXKUHRDAIIUY
7483604;SPNHZUPGYJO
7562513;JDFBSGMVGFMHQ
7644256;YUUXDIUTK
7765301;TWHFVQRAZAUYT
7781473;CVDQQAWNUDQO
7833633;DBPBBBMOC
7842608;DFHWD
7864217;ISXIJX
8004415;PFVJCPCLS
8076775;OXZBLMASPARLX
8187715;ZDVBUBYJAIHH
8300480;BFQUCPDTUGDD
8406607;JCSTKVJLZJIVB
8538727;PUPWU
8701830;FOXOZ
8862250;MHOFR
10514164;ODAVUUBP
11446443;VTIULLWKLG
12303456;ZMDFFYSTWJPJ
12333343;RVIEX
13063426;QSPEGITPAN
13311735;ZDNJPWTKH
13513700;AFRDYR
13742007;PXSUIKQT
14053753;HLNYHFNAHVDD
14566007;SOXGHVPZBWT
15618255;SNTUXCNTYPWS
17311666;MYDUJSLNDGFL
20176837;HSWPEXWMT
22114000;SNAYRGIUE
23103047;BRZZJI
23357578;RRDDG
24738734;WQKSBJLKSHNJ
25416747;SQADDUDZNVT
27502626;WWKFWZREYF
28115427;YBAYALHPKXDDQ
28723057;EMWIHLWMRLNO
28771123;AQIBIP
30574787;PPIRZ
30686363;ITTKWUZBL
31152374;NAIIPYQBQRDNT
32223484;VREZN
32586515;AHXUXM
33577232;ERRWEM
35305536;ASIDKLOWWJA
35347563;VFFCY
36453508;TOOGSJHM
36708251;XFRRLIWVGYR
36868463;YWUEOLYWFW
37662302;QHVGHPSAUCASR
38085437;WMRWFEFX
38208447;UFDJO
40126230;FTSFIGC
54122421;EOWKXTFWSGNKZA
54337444;JQDREMMYNV
55073500;ZPLQN
56440003;GAYWWBOV
56541037;OBPFEMMSY
56883881;QABVQCKMJFZWIO
57077387;UNMMETJMQDSJD
57330386;LMKXV
57416703;JUMCCIQLAI
57785473;XZKHFOHS
58205333;JXYIOMZE
60231043;BWXPRLCOZHT
60525528;TRKHT
61326277;DDVOLFFB
61720321;BQAJTDBZEJWSSI
62057577;KKWKHUHOHGBP
62718688;IDUEEFEU
62805872;RRHJEGNYKD
63635584;RXMUTQN
64710652;FDJSYEY
66054233;XJPKWNGOIYPDO
70636186;VIOPPXGVT
70810612;RRPHWCTRRSUPY
71667210;ECHWFVTIMYOHOF
71717582;AZVZZQZITPPLU
76207436;XIRZBX
78262202;ZJDKFZCEYYJDTZ
80430280;WOYYKFIA
81435624;CNRRRXGCJNE
82360681;ELQQWJABA
82563438;IIDONYHTOOBLW
83334408;NOAUGGSPLI
85328416;XCJEFD
85401528;XNRUWPIYAAKR
85651646;ZNMEBVBPPJP
86477210;SMOFM
86652284;FQUOCRMTY
87137576;XUOJAYL
87640255;LPJJMLANCTG
1236636;LCBBN
1285071;QFZAVHZZBFJ
1351672;IGTATKN
1380824;AZYZID
1474538;MVEFQMJL
1564682;POGXTPGNVMWQQA
1571728;KLBDOULAZ
1580635;HTQKJ
1611411;LWVBZLWHQKLX
1652164;YNYVHPJ
1784517;UFCSTW
2878017;IZEXVYKUJP
3032341;LQVFOAPQAUM
3054018;ZYOFYKRJ
3123328;UFJIAXNJJJGC
3435613;QTKDHU
3485270;REHVLDQSIBYOCG
3488476;EYAOL
3535087;JKQHYSZRZ
3655412;VFCZLAQTEG
3782758;YVRVJMXGOG
3871055;YUPES
4068482;PPYBKNFFBGTX
4225743;AOOFRDD
4307356;NTWMEUTSVASBID
4476615;ZHZPXP
5142202;CKFPLIHZHLBF
5424257;GJTQFJNNOUCV
5555585;FOHZPKWYIICM
5583471;SRVAQXJF
5602434;WYEXDSNSI
5664245;MCDKHR
6077750;MQTVDHO
6113227;PBLSONWJ
6126747;JJDZYHJUCRI
6165486;HXTLIQBMXUC
6227878;CIOBBHGPJBKCQ
6316515;IGECPZWTUFYV
6360080;MODFORS
6426104;VSTNCQTWMSBW
6522520;BAAAET
6614828;EQAGOCCYNF
6638785;TUGNI
6712370;FOIBLKANYBHZ
6738457;NPWNMMKXTBS
6802733;UNKDZJJFB
6827876;IMNYUVCSKE
6837246;LAHWTWPBBESSD
7004071;BIIZRXNBPLEFF
7043825;RQENNVJH
7088218;DQTEA
7132615;NPMGBRDHNZ
7152803;IZWEOKGVN
7213424;MKVEJFCD
7220638;VGSCYQIPBOB
7235154;SHWGDITRDGVR
7258623;YMEBUEVWMVTK
7310245;UTIDYESOCGL
7357040;YKAXF
7383476;OIKDDGDSDOE
7418040;YMCJAYEKCDIDFX
7561852;EQCTNSPXJ
7562818;PUYTFYALTMOVG
7640171;RILAWLUCWVIIXG
7651447;VXXNRFHROGNB
7783785;RJSYSVGVCCAZR
7820600;GMANK
7868014;OVTCBYSRNHPSNS
8013234;KTEKA
8111142;SIPTS
8183837;ZORXHFXPWNDC
8230360;YEULDYHRI
8274200;PTWCQPO
8322767;SXKMDNTWMNXXRF
8370208;DUNLDGWIQ
8427285;RDXWTTQSRTB
8502622;VXRHVC
8564200;PSYPG
8602187;WYLHHOZQKLQDN
8714708;IEOSMYI
8860162;FIHWY
10067164;SAAOBYSZNJA
10675686;NLEBJHXEJFB
12015366;TIIDZF
12420580;LTQPRHUFCZZJZ
12886732;CZVJRQGUQERVJ
13126881;MBXPMITVNVT
13540644;YZUXMOSFDXWFCF
14104626;TAVKCIHRHAUCSA
18400717;HBHMHSOSO
20061631;DEXDDYYJ
20530426;ZYXXEXLVY
21083521;LXJFMPK
22147116;INEMJDMQRLCBML
22680433;LEPHDSDMKXUBJM
23815071;XHHIEVQYWDKXKD
24650055;ZCXHPX
25121523;BTILLPSKF
27436373;ZFXMQOJD
27642003;HPBAVPK
28068665;NKTKB
28308116;WBWPCDEIHG
28664153;BTQEDEP
31654142;BSHYMF
32158008;XORFP
32251758;GWPCKVRVML
33037724;OKYITGYSIFI
34411767;QJCNFWC
35433033;RUVAFHRGL
35776268;GAQRLFINH
36471543;VYZLTEWJBQKQK
36863278;ZUPCHWHMTVLZFF
37582722;CBOWZN
38078281;SSCYWXXONPLBD
38421407;IOKRNVDXOY
40543662;UVAHGDY
43741115;BRDUAR
54375071;AKICM
54681004;AADWWKEHICQ
55114265;RYBMOCSHY
56480127;WGCTA
56744160;EZPAWNOO
57222402;XYQSMOEAKZVE
60378470;YNDXBRDMSJQRT
61725256;YIFHHH
62386381;DTRTGFMZRIDY
62726281;JHKOEZV
64632717;PAYEIAQKSWTUA
66063046;HARENFYUKW
67750847;LUWRCQXBMFXPDB
70647063;RMEEDTBERV
70786758;YCROA
70850160;TJEFHRGPBTA
71416156;BCGCEAOYQHZZ
75115283;INWQDWETGIQ
76042027;RUMMRWV
77428847;BQZTPJNNHVFW
78086862;MRSGVFR
78664687;BQTPNEAXVZKXFM
81467447;PZPBLMUN
82120842;UYZVCSG
82535866;IBFLWFE
86184417;GKACTOSVHHGSK
86241514;JIOFVKDNFS
86707630;OWZIUDXG
87582668;GNWXZEXLGDAHZ
1236074;KATIVGIOVMEJK
1264755;CBXKVHPVZFCCKF
1472647;BPJJMPDS
1518015;ZLKXO
1554208;YMLPFHXNUI
1607100;OMJGCCXPWET
1666763;ZZYJXQTYNQVTI
3012177;TMZHJPE
3043836;IDQEMUVDYNRYB
3086068;MVBGFJOTBP
3463323;OPDUSMZRY
3487028;WJSEBXMFSH
3524568;NSWKWWER
3576780;GQWHPCUCE
3621162;SMIHGP
3770744;IEILXDOWLOXWTV
3853140;OFPOPGVZRGR
3853661;YOKZMYVXPXP
3885063;RWLQISXIBWQ
4121106;HDMDOOGJNSF
4220850;AOCTQC
4231381;QYFEFWDQMKLUJ
4275146;HMMDO
4456284;ROOUBIJNHWMCD
4467480;WQKWHKFSDGRX
4748435;ZEDBENI
5070867;TJUVWL
5158268;OEFLMR
5246301;CNPUO
5454521;VWOZN
5476137;WDZSPMITRVZZ
5577475;RPYCLHKCGD
5628140;MZVVSSXWUUH
5652577;ZTTELOKAPJ
5716103;GNFQVCYQRZ
6027811;HKSRROGBULPV
6157574;ZMGMGODTMI
6184152;LAOLTEE
6303485;DRVVFALQTUSYHZ
6358278;HQAERABDYU
6362631;LEYHJP
6502122;PGZXTPE
6532613;QLQNIZWPX
6666146;MRSXSGUQV
6732183;POGSIPB
6753287;WIMMFCXSUNMF
6803550;QIBQSCYZHJ
6851387;EFWWO
6860046;DDXFMORDWBPP
7030141;FLYEKTEDWDE
7086260;TWMPP
7108853;DQYNQIWDJNM
7150662;HFNQXM
7212552;NWZPFCUMON
7235442;JBZGY
7273473;FDQKVMPFB
7321382;PGWTGTXGEKIRD
7366557;PJRZM
7537646;SSASWHEQKXILW
7572177;GXRVXZWJBJ
7627781;POPGMMVNOR
7751010;MIDUSHPG
8083043;JULOZVYQYEZPLL
8148831;LRPTBLARNSGWAV
8228462;YXGQVYV
8235368;YIGHEYCEQ
8286880;IIRRMTKILV
8316348;NVMJGBYY
8341467;YUGMHAUR
8434517;AFNPP
8473708;MTNMVFID
8522616;OCNAUZDNKUBP
8545651;ONTVBWKYOP
8576747;PVMNGGDQTWXHFO
8585287;VCOCZFDNHGI
8685667;PKUFQDYYDWKMWN
8837574;OVMKRNH
8885418;SMONBDG
10623666;VAAPVMKIIGNLL
11748105;IRMBKBYUJG
12156580;UNADCP
12824400;EVJHSKB
13308376;WUTKMDYAWWR
14224381;CCANSBRXY
18167072;EZYAR
20137725;VJFMBT
20417716;CTHMLUT
20757552;UBNPEOBX
21103548;OXXOZEWRGDA
22502808;WZJEOUHQZOPUS
22587741;FGCIXFOKTXNZPL
23033074;ICMCMZ
23751213;YUCRZBSODSWVB
24023628;NQZKKLSTWLRYO
25273786;SYUPTSOMDF
27641376;HXPRWCCEO
28268240;NGRKJLEHXME
28357535;RJGXAMPGDGKVQD
31330440;IXMSKIKNYI
34222717;PUSLREJ
35242782;ZANQNR
35456331;JGDYPXFHH
35768160;PJZRWTBVQG
35844644;RYKUNBFNKYZI
37620212;XOALQOS
38307271;OTNEXSSCQM
38836016;DWZPEZ
40467343;KWMDXMRTXMDLU
41632851;SILBFEMP
43462438;QSGYPFYJODVE
43880470;LNKEKCPRMEQ
54372077;AUVMLALTVAMECW
54411286;CPGWKWLKCXCQ
54653024;DZHLKYR
54863461;BGWMJFSIHU
55117352;JNADXTZP
60283571;MTJWSTPOMQ
60485241;OZYBWQVCUJIL
61744721;LGLCAWPTALB
62477744;UHVYGUXUWOVK
64686170;KQGAHIJ
66063701;QVSWONIW
67436421;SPQURAOFE
68642856;IMSWQQDSERAFEW
70800586;SSLRB
71211567;JQNCRLNBUNP
71357047;QDTNXDFQRWQ
71648442;FXXCGCVKR
72104158;PJRYDOBFQYJT
75636683;NWDDSDIUXSPDOM
75837801;DRZUBCRFDWL
76203484;RRCAWUYPWVVWTK
76657752;EPGYTDBMUN
77483343;LWGZOW
77852803;QTRKLSJSACWT
78627128;WASUACRSK
78732771;QDPSDRGMETLVBO
81483731;BXFXNBEVJKXOOT
82082364;MPSFWLWAA
82536585;POLJFS
86132841;NTDISFMUGR
86241673;WYWTY
86688174;UACJCA
1277220;MNSARC
1453580;JXJXQCH
1473201;IRUTKYTMNIDDGI
1488444;YVSQQX
1518235;MQGIRBSU
1584765;FBBLK
3016663;MBTNSWUS
3104227;TYKKJ
3436271;BNORA
3482830;CGDIQAK
3555476;KQNXA
3611255;DDUYDODFRZA
3647016;IZUOTJT
3728502;BQSISYB
3781536;FOARCA
3828003;BEIBTSKWACTSTO
3854754;SIWWTFEK
3885278;EGNTSLYL
4111253;HCKSIFSWTPBGR
4127450;VOBBF
4202840;ZFBYWMEPKAIUU
4260157;RJOVIGCK
4268707;YHUVWJJBYU
4386861;ALCOIPBSXP
4476045;CIVQJHZIJF
4633277;LPMHLGXZVJVDU
4823527;BRNIIRL
5027808;OLEIMH
5113147;GQTJIUBUQMIB
5175723;SIHPQCJRVRVF
5188778;DZBCH
5330374;WRQJUMF
5450583;WEPXIHJHI
5464042;GCOXTSAECSHAFW
5554578;FTCFTKNVJIVVZ
5636536;NYODDCGQHJSV
5650880;JXKSPWSPIR
5661474;IRYWBIZM
5667444;GQEORELYHRPV
5841542;OQJUBTMBPE
6004366;NQXDLQQII
6063172;MOPYCO
6243748;FGTHEHV
6364816;VXJSTP
6516704;DKYQMWCNSS
6664286;UJEEDQ
6748406;FCUQFLBRNQ
6867841;EMLEYVHAPH
7013100;JEAURZ
7103784;QLTIMYCHVAD
7266484;KWFHWLCXC
7305777;ZWIYRETLGRTOD
7330688;RZMDS
7375404;ZORWISBKZ
7526651;DGLTEYKPVWRAU
7553565;GTEBQVH
7563311;UKAKQPFKBPQ
7584540;WMDIFFRIISSMME
7704745;CGPDRPQHPK
7761724;HRWMLG
8080270;CEQGEUW
8101426;OWOAAXBAVFKC
8118743;THBJODCUX
8155555;KFQFE
8221003;KCPFKIHJT
8233338;JRCDQJEITH
8252845;VZQIQOQCZXLB
8304751;QCQWF
8318737;PNSFK
8436805;UFTEDORULA
8501367;FBOWBZQCMCWOV
8515330;GLUPZSGNF
8538351;GCSPOBZL
8560012;WXWPGYZRJ
8636185;DHYARBBOO
8701630;SVFFZ
12442572;AGRFVCIIEARJJV
18080860;RVTHQHXAS
20253473;OWYMMK
20845021;NYYKDLI
21548888;QOZUOQJZ
22171564;UULSRQMNIBRO
22876455;QJLFEHPLUBQKDR
23633183;DPITLDJT
24028440;UXBNLWFNDDRV
25411853;SJESXZ
27575004;ZMJAEUF
28210562;IUGLHAAAERWL
28564320;KDCSEDQCKPDS
31621866;IWRIU
34146147;XQTBWHAJGLARTD
34276461;JFCDDQR
34602304;BLFFV
36413342;NBGNUEATXNPHF
38330374;FHWVGZBFV
38522085;IUQRUHAKGZK
40255580;QAVYPJF
41133048;BMVBKHG
41755345;GEYNSMISUGEMD
43058778;WNFWQLDRWGCBM
43653246;MASRWK
53780820;FWKAUYADOIVE
54375241;MLSBTR
54423158;WQTBSX
54835764;ULWOQFOKQI
55114762;TQIENL
60274021;FDMSNILEDF
62623437;NEWBVMXYVGE
66308406;YYHBQLSJVNTEPO
67383760;KXSETLO
67745558;USGUC
67852308;EFSGDPOWEGG
70266783;IAFVCU
71042216;ZWUTMAU
71783144;KRWSJCW
75077453;VJOCZ
75507223;OQLTIKVEWPW
75764215;GNTLYAFDQ
76012707;FAUPDFQR
76481527;ERHHPEJMS
77031370;DILQRCH
77433782;HBHBZVSCSOP
77745488;ZCKHNDUXP
77860251;NTCRCZONCTICW
78274730;WNDFOPOQNP
78832862;JPDFSDDIK
81716127;UDPKEH
1450411;SIOHZJHKHD
1455615;ZWELRKAYVM
1475450;HZWJBNKMYRWNTH
1503702;VDEKXWHCQMV
3030668;IMEGDHGKNFU
3464438;IVREMLNXSAEF
3547777;SSPBVAV
3583262;RRGAPEQOG
3750312;NLEYTP
3823064;GPLYOBIAIZEU
3845534;XWWPHIYL
3856832;MWRMLE
4008873;QRVPKEVCSCDY
4073250;IKYSDSEPFL
4171357;KLDYPWWURPXBZY
4207631;MOEMRYIDKAYOA
4252444;RARYEOJUYGPE
4382285;DVWHUNU
4451578;KJYVTLBXQBUN
4565372;LZCXUXREG
4654365;YUGYHUV
4768641;RAFHYPYDTT
4857652;YSKZQTXWJTTVPC
5051500;VRKXIVK
5074684;KTOEQSVX
5117667;OEULSH
5185728;TPJACTNHOQDJQW
5226313;LGWVQRGBF
5304662;JPXXVERY
5347702;ULVFM
5433421;PZQZQA
5546251;LAMBKSHFS
5658550;LODCITGWLLXTL
5681470;SBERAJKMKGFS
5770614;ODLMVQA
5854876;HBQTUS
6011324;GCROZ
6028367;TCVQTWYJDEHM
6065853;BGDYECLAOQQ
6234240;SGDILJSN
6260750;HSEZEPZJDZKGC
6405052;KRXLHHZIJYG
7017013;VLGMAKTN
7105676;QGSAYHRKSLOIJC
7267257;KCFZYIBDAY
7284353;HBWBRYVCZFEYS
7571310;FFXPLISJH
7657238;ZEOZAJ
7746168;DNCUIS
7760541;OFWDMCYIVXXQY
8140214;RNVCWOJWNAA
8233623;GAJMAJR
8311358;VPZONRGIEATTYU
8481186;SHSERJNOIN
8531562;DTTXESQEKP
8667464;JSHESXCVHONS
12716271;RCKADGLN
17624040;EPRYLFKK
20273503;ZIMMSNB
21136648;WBUWP
22058277;QVTSTRKJAFJEZ
22435628;TTJGPGW
23467647;YXTXNKFDLHKRMJ
23707548;ZTRWJ
25323688;TTIXSPIHWSVRL
33602856;VFZIZJMDTBEAPB
34154475;QJBDQGVDC
34317054;VAXXNLXR
34503526;BLIXVGYTZ
34873511;MONNLYSA
36077755;GOBAJA
36435306;IIIMWZSKKO
38703413;IXHYNW
40155652;YATHC
40365807;YHAOVX
40772461;ZTVTS
41160335;ZTSYLMGOL
41682617;THDVSWGJIMNN
41800385;VINSBNRXLC
42511621;OHMIWDWWEX
43411406;GPIIBNKFCWHNN
43462863;DRJZGRMJSEL
47462445;QUKSZFDKRK
54020515;SFEXLZO
54481588;FFTNYN
54827366;BYEUAA
66327826;RHFMCXFWCCTEXV
66871088;SCQXFFENC
67624005;XPGWNBNTERTBS
68371318;CXTLCIV
70012718;TMETUXI
70571056;GNSXQTGRAX
71816362;APDXOMCQGKM
73532622;CWUJVBBHBI
75255868;PQKGJXTQ
75582868;OZFXSDAPPH
75668262;MFOPNMBZJ
75842652;CTGLTCPXDNV
76223774;YFUSEMETHNPZK
77214778;NDHIPXBVMNBAR
78377360;JZAJMALGYYM
78810843;VAVUDIPBAW
80365623;KDPZSXTHP
1482240;BMYIVUDXRYEDM
3480544;DRSHXIXTRW
3746776;ILPWTSDAMTSVB
3802872;UVQLAHWNHUFC
3845278;WEMIWWIW
4004813;MVKWDJWOZ
4046775;RQAMHWMTT
4143754;VRHHWTVPWCFQBT
4366087;QYICT
4386371;ALDOGBYPYF
4441448;PLWSGAEARE
4454467;JQCJZUYZW
4562864;RURFBFINN
4582176;MHLHFUPWFCSRU
4648181;FSEJOAHSWWB
4676728;QHPUGWXLSJSKF
4748875;UHKQZDH
4771337;IHLJTH
4882826;FICRTM
5037506;JCEMPDWBMRM
5055374;EDILBS
5185135;VCWGXGIXWIFCFZ
5188685;LKEMOIM
5201486;JAVMXCNSUQ
5231840;ZFMXPSCIB
5302506;QJEIWUFE
5321751;IKLGAAR
5337828;IZNUK
5360424;RUOMU
5442121;GFWDFRD
5510034;CQYKL
5553143;FWEAFLBZEDPO
5680056;DCOQSZGJF
5708056;PLPQEC
5727807;MLJVIWVJ
5831175;GCSYNIN
5856457;BGWWV
6056228;DNFEOVTM
6065688;IRAVWDFPZZCY
6252541;UTBRWFN
6260824;SDPPBPJMSSSQY
7020110;ZRRIUCZRUIPP
7563335;KMUUF
7653847;OZKOJUNAINWT
7660132;KKZFVUSYA
8135337;PDVDORFBWDREO
8643771;UBMJLYQNRWW
12506527;HZDMSVTSU
21314316;CFEFAOLDVK
21621161;ZQAWLN
22113622;LQQIPCAGFC
23414765;KKOUKQGGWHEV
25284723;CBFSCN
25350414;BDRBELIPNEDFA
33751245;EGNJGSOBBE
38705237;QEEAMQHWA
40213560;HKXTWJBOTMZQ
41111471;AVGGSEGRVV
41206307;NPFQXM
41762160;PUWRZJ
42278836;RVIVKGBWP
43118302;BFXTXXJODPSWFS
43470867;MCMHJJWB
44324617;YYFCJ
53102625;RKAOGNOXYRTYR
66870685;QGTEXAHZACCK
67066535;PWGKBZVRT
67607715;COEPSNQHWSP
68230481;PAVVRIBMGWUVY
68648832;FMZQADHQEZFH
70118080;KUIHVY
70428541;DDESOTADOUC
72554571;RXGTUVKBSJKPNY
74214511;GBFZXFVLDWBGP
75487445;FHMQDGLJPT
75546715;LBQGLHN
76342533;KBUZCJNHDE
78326282;TPJARZHT
78615353;NJCBGMTGUVDBVB
80025131;OIIJBKPDC
3468141;CFWMNCAPDS
3804847;EOVXFVPKRKFRN
4153234;GXSZUZVWRCC
4334788;UFGZRMYQ
4370072;LBIPP
4415730;DADIMD
4477436;FKBAAMR
4565117;HXPRGVBRWLVZSN
4574665;VBVXSXQFCJTAVD
4583867;JFKMBFNOQRA
4654874;DMITF
4748217;ALGHDTNW
4751486;CHQCAZLCXZWSQH
4864037;SKQBWY
5023001;RXRNZZ
5032667;FQRAJOBELJPBUS
5045800;JVYSXTIGSBNXLP
5302547;GGZDK
5311686;LHDORTZC
5357840;NHSXJH
5448822;QSYLFNDVMXSN
5524361;GKQLYW
5686560;DNSSCEVZ
5761718;YROQQT
5877232;GIUOUTXUNKLI
6257083;UWKVPCVVKZH
8126457;NAXSZSMEMXL
8640586;QRALOKIS
12601515;GHMJMJ
21437653;YEGKILUQRLY
21784570;TTKFSHUNSBOJ
22063040;FNALPMJUANRYNG
33881240;NAUUSSQVZ
40248345;YBACAJFOGZECVH
40850141;ZJDWLUVQ
41167800;LHQRIJQMFR
41467437;KLIDABBAWLEBY
42312038;IIVLICILTWFMD
43086150;QNLBOMAN
43227703;FKEZSAGGBPK
43531052;SAVTXLTVQ
44204137;IFIPIIH
44870674;DKRXTWVFKA
52817373;WYHXRVRHAGLZG
53488461;VCITQUAF
66604684;LUERFXZZFMXWN
67135341;XGQIFWUC
67604688;ROCAR
68222613;CUYWH
68787485;ZMASCRPHV
70083482;YEECHOHDODKLTY
70208711;GSUHAZSEINK
70570447;QSNIJIXBWKY
72160402;TRJXCMTL
73124312;FEMUXPX
73635551;YRVLWTGJJ
74751614;FQIJOOZPYCJ
75262413;IYRXOUNRRET
75545732;EZTXUWMK
80045127;DXVIT
4327740;APAIFJ
4358504;LDSTXOBV
4434253;RGAQCL
4523351;YRSEREGD
4563838;AAMYQOJLR
4573812;SFSZCPESYP
4574711;HSWVGCKHNY
4676661;LOZZIL
4685870;LKCCCDDH
4866216;GVZLXWHOD
5001112;JTDRKIWXLNPKFR
5041715;YUGEVALHZMLLF
5445824;DVXGOMKA
5533248;GHBRPZ
5704270;NEJBGWQPXZE
5857263;BNOKKHEMLNXKR
21315460;XGGVYL
21776123;EFWENCC
40811788;SVIBXCAP
41261303;ZXYPVBEWOM
41580332;BWEKPMCKHWJM
43330868;HDBEFGYDBGI
44125728;SFKTJQMZFBGOZ
44276220;QGNGEIGJSUWDGA
44804575;VSSJYCJUCT
47151518;TGQEHITCLYD
50358401;HHYJBO
53048413;KXXJZEI
53418781;RXNUCHNTCHC
53720634;XRWEHHNBHDUQV
66805781;DBYEBQSOGTUH
68670103;GCYSTAJQVFITKD
70512858;JETAKSRQG
72281145;UBRDEWGJWIO
72736000;BPWNQU
73362580;DHVVXZ
74002603;WJGUSSNLP
80048127;RKWANMP
4320765;XQPHVXXHSZS
4338887;PGCSQDZUKM
4365038;CDVKLVSDPE
4478074;FOEDGETHXRXCMU
4700202;PWUIQMPYM
5871123;QUILANFY
40847545;XSZBXWQVFRR
41330835;DKEGTBAR
41500271;NTJQN
43260478;UEVXOLRWWB
43332322;HMOEWUH
44128325;VUDFGZQQKPJ
44718718;CTFDPTCMISCR
46764055;TFGFDZZZWAPM
47400464;TGMTIDG
48888656;MQYLREFGBXDQU
52272080;FSWFT
52870113;GCRXQQHUCH
53148673;NVSBYIAPBVDWO
53518032;YXNSCMFU
72177652;AFEMNNHG
72656583;HGQFAPUNKNMM
73210141;GDVOBSI
73400710;JCNPYPOSFXCJ
80061820;CTMCZE
4511207;JYNQTWFRM
4707708;PCYOFWB
41463746;MNAUOSMFTWJW
43275706;ORRYAVPHKNLI
44712088;RDFAQAHXS
46682734;EUNNHXBBZSEWYB
47014708;YSWGIC
47384145;JPOQCVOUFWZ
47666787;NDHIKMPTWVFDB
50323754;XNKKBJASBT
52138488;YMVCETOUMR
52670333;VBOZHTLT
53282370;INFASEWGE
72230181;SJADCTDBT
72587601;THJMTWR
73204637;MLEMPSJAZLICE
73308500;SUMYSTFT
73368214;NXPYF
80282876;GNDRFI
41414550;ATVDWTVZSXFZ
44422354;DWTEOUVNX
46274806;WWICCGXP
46781842;BNIRZIKP
47244372;YLCXCNVIL
47526527;FMCLLRGUAURZIF
48810762;YYGPF
50028240;LFMDWQR
51017772;SVIQKYWEUQKZI
52163860;KJJHQJSYIRMJAC
52285737;ONKSEYYK
52755814;QKGWXCQBTWSXMG
53267428;FQFRXEBQNQ
72612408;MMHEZPV
73358306;JSZAWKWPFQLUKY
44514505;KYPPEPSFIUI
45858413;MICWECK
46368103;HQBTVYYCM
47308752;TZYRNLWDGOM
47488341;HSOZHZKCGU
47574745;ACYVVSGLYG
48537778;ELDWBG
50647361;XEPDA
51653316;UZFIKHDF
52447006;MWRNHDNS
52715010;PQUHJDMUBYQ
52808167;FVWUQW
73310817;GKZPDTAO
44438722;CHILAFQRCTDKEG
44524635;YMSWTXQTF
45123230;PWLGPOQ
46222664;DKHREBTST
46313210;KTAXNEKUHCLEMM
46633063;ZHDHRXFNWJRP
47300347;ARAFR
47504486;UXCOUBXQXFAME
48226672;UDZLECXZYNDS
48602351;LEPLYJ
50441584;UVRDTOFG
50846747;VXKBVE
51277178;DNXFQVKG
51713665;ZOKXR
44701211;SRYAVITZF
45212234;NPQTCREPN
46214401;MVRRN
46450643;JJBCMDRJMIWWZ
47712141;FLWDV
48375387;AUUKCHBFMSHKXG
48653370;ICTLASBBTK
50541045;LADGDMTRMCQRB
50664866;CCXRMLMYYMCTWV
51006277;RYXRXGKDHYODW
51361325;RWFOLYNAQAT
45145436;KFGZBPLNB
46475053;SXRJRYSLRC
47855453;ECDCHOHYP
48328243;YOJVXHXOBAX
48757106;RZYYFJRG
50442510;TQDXKROKA
47757130;ELXXSKGNQ
48013375;MSTIJCLUPIET
